id,title,source_pages,pdf,md,html,status
VOLUME-001,Vision and Engineering Principles,281-291,01_Blueprint/PDF/Volume_001_Vision_and_Engineering_Principles.pdf,01_Blueprint/MD/Volume_001_Vision_and_Engineering_Principles.md,01_Blueprint/HTML/Volume_001_Vision_and_Engineering_Principles.html,Archived from master source
VOLUME-002,Core Platform Architecture,292-298,01_Blueprint/PDF/Volume_002_Core_Platform_Architecture.pdf,01_Blueprint/MD/Volume_002_Core_Platform_Architecture.md,01_Blueprint/HTML/Volume_002_Core_Platform_Architecture.html,Archived from master source
VOLUME-003,Core Object System,299-308,01_Blueprint/PDF/Volume_003_Core_Object_System.pdf,01_Blueprint/MD/Volume_003_Core_Object_System.md,01_Blueprint/HTML/Volume_003_Core_Object_System.html,Archived from master source
VOLUME-004,AQELYN Platform Kernel,309-317,01_Blueprint/PDF/Volume_004_AQELYN_Platform_Kernel.pdf,01_Blueprint/MD/Volume_004_AQELYN_Platform_Kernel.md,01_Blueprint/HTML/Volume_004_AQELYN_Platform_Kernel.html,Archived from master source
VOLUME-005,User Experience and Accessibility,318-324,01_Blueprint/PDF/Volume_005_User_Experience_and_Accessibility.pdf,01_Blueprint/MD/Volume_005_User_Experience_and_Accessibility.md,01_Blueprint/HTML/Volume_005_User_Experience_and_Accessibility.html,Archived from master source
VOLUME-006,Human-Centered Security Experience,325-331,01_Blueprint/PDF/Volume_006_Human_Centered_Security_Experience.pdf,01_Blueprint/MD/Volume_006_Human_Centered_Security_Experience.md,01_Blueprint/HTML/Volume_006_Human_Centered_Security_Experience.html,Archived from master source
VOLUME-007,Mission Control,332-339,01_Blueprint/PDF/Volume_007_Mission_Control.pdf,01_Blueprint/MD/Volume_007_Mission_Control.md,01_Blueprint/HTML/Volume_007_Mission_Control.html,Archived from master source
VOLUME-008,Discovery and Asset Intelligence - Placeholder Note,340-343,01_Blueprint/PDF/Volume_008_Discovery_and_Asset_Intelligence_Placeholder_Note.pdf,01_Blueprint/MD/Volume_008_Discovery_and_Asset_Intelligence_Placeholder_Note.md,01_Blueprint/HTML/Volume_008_Discovery_and_Asset_Intelligence_Placeholder_Note.html,Archived from master source
VOLUME-009,Endpoint Security Engine,344-348,01_Blueprint/PDF/Volume_009_Endpoint_Security_Engine.pdf,01_Blueprint/MD/Volume_009_Endpoint_Security_Engine.md,01_Blueprint/HTML/Volume_009_Endpoint_Security_Engine.html,Archived from master source
VOLUME-010,Human Intelligence Layer,349-356,01_Blueprint/PDF/Volume_010_Human_Intelligence_Layer.pdf,01_Blueprint/MD/Volume_010_Human_Intelligence_Layer.md,01_Blueprint/HTML/Volume_010_Human_Intelligence_Layer.html,Archived from master source
VOLUME-011,Discovery and Asset Intelligence Engine,357-364,01_Blueprint/PDF/Volume_011_Discovery_and_Asset_Intelligence_Engine.pdf,01_Blueprint/MD/Volume_011_Discovery_and_Asset_Intelligence_Engine.md,01_Blueprint/HTML/Volume_011_Discovery_and_Asset_Intelligence_Engine.html,Archived from master source
VOLUME-012,Enterprise and High-Assurance Architecture,365-370,01_Blueprint/PDF/Volume_012_Enterprise_and_High_Assurance_Architecture.pdf,01_Blueprint/MD/Volume_012_Enterprise_and_High_Assurance_Architecture.md,01_Blueprint/HTML/Volume_012_Enterprise_and_High_Assurance_Architecture.html,Archived from master source
VOLUME-013,Trust Architecture and Security Intelligence,371-378,01_Blueprint/PDF/Volume_013_Trust_Architecture_and_Security_Intelligence.pdf,01_Blueprint/MD/Volume_013_Trust_Architecture_and_Security_Intelligence.md,01_Blueprint/HTML/Volume_013_Trust_Architecture_and_Security_Intelligence.html,Archived from master source
VOLUME-014,Cyber Security Intelligence Layer,379-387,01_Blueprint/PDF/Volume_014_Cyber_Security_Intelligence_Layer.pdf,01_Blueprint/MD/Volume_014_Cyber_Security_Intelligence_Layer.md,01_Blueprint/HTML/Volume_014_Cyber_Security_Intelligence_Layer.html,Archived from master source
VOLUME-015,Cyber Operations Framework,388-399,01_Blueprint/PDF/Volume_015_Cyber_Operations_Framework.pdf,01_Blueprint/MD/Volume_015_Cyber_Operations_Framework.md,01_Blueprint/HTML/Volume_015_Cyber_Operations_Framework.html,Archived from master source
VOLUME-016,Cyber Object Operating System,400-411,01_Blueprint/PDF/Volume_016_Cyber_Object_Operating_System.pdf,01_Blueprint/MD/Volume_016_Cyber_Object_Operating_System.md,01_Blueprint/HTML/Volume_016_Cyber_Object_Operating_System.html,Archived from master source
VOLUME-017,AQELYN Detection Framework,412-420,01_Blueprint/PDF/Volume_017_AQELYN_Detection_Framework.pdf,01_Blueprint/MD/Volume_017_AQELYN_Detection_Framework.md,01_Blueprint/HTML/Volume_017_AQELYN_Detection_Framework.html,Archived from master source
VOLUME-018,AQELYN Core Services Architecture,421-433,01_Blueprint/PDF/Volume_018_AQELYN_Core_Services_Architecture.pdf,01_Blueprint/MD/Volume_018_AQELYN_Core_Services_Architecture.md,01_Blueprint/HTML/Volume_018_AQELYN_Core_Services_Architecture.html,Archived from master source
VOLUME-019,AQELYN Experience Architecture,434-436,01_Blueprint/PDF/Volume_019_AQELYN_Experience_Architecture.pdf,01_Blueprint/MD/Volume_019_AQELYN_Experience_Architecture.md,01_Blueprint/HTML/Volume_019_AQELYN_Experience_Architecture.html,Archived from master source
VOLUME-020,AQELYN Autonomous Security Architecture,437-445,01_Blueprint/PDF/Volume_020_AQELYN_Autonomous_Security_Architecture.pdf,01_Blueprint/MD/Volume_020_AQELYN_Autonomous_Security_Architecture.md,01_Blueprint/HTML/Volume_020_AQELYN_Autonomous_Security_Architecture.html,Archived from master source
VOLUME-021,AQELYN Engineering Architecture,446-455,01_Blueprint/PDF/Volume_021_AQELYN_Engineering_Architecture.pdf,01_Blueprint/MD/Volume_021_AQELYN_Engineering_Architecture.md,01_Blueprint/HTML/Volume_021_AQELYN_Engineering_Architecture.html,Archived from master source
VOLUME-022,AQELYN Evidence and Forensics Framework,456-465,01_Blueprint/PDF/Volume_022_AQELYN_Evidence_and_Forensics_Framework.pdf,01_Blueprint/MD/Volume_022_AQELYN_Evidence_and_Forensics_Framework.md,01_Blueprint/HTML/Volume_022_AQELYN_Evidence_and_Forensics_Framework.html,Archived from master source
VOLUME-023,AQELYN Web Security Engine,466-473,01_Blueprint/PDF/Volume_023_AQELYN_Web_Security_Engine.pdf,01_Blueprint/MD/Volume_023_AQELYN_Web_Security_Engine.md,01_Blueprint/HTML/Volume_023_AQELYN_Web_Security_Engine.html,Archived from master source
VOLUME-024,AQELYN Cyber Intelligence Engine,474-483,01_Blueprint/PDF/Volume_024_AQELYN_Cyber_Intelligence_Engine.pdf,01_Blueprint/MD/Volume_024_AQELYN_Cyber_Intelligence_Engine.md,01_Blueprint/HTML/Volume_024_AQELYN_Cyber_Intelligence_Engine.html,Archived from master source
VOLUME-025,AQELYN Mission Operating System,484-494,01_Blueprint/PDF/Volume_025_AQELYN_Mission_Operating_System.pdf,01_Blueprint/MD/Volume_025_AQELYN_Mission_Operating_System.md,01_Blueprint/HTML/Volume_025_AQELYN_Mission_Operating_System.html,Archived from master source
VOLUME-026,AQELYN Endpoint Intelligence Platform,495-505,01_Blueprint/PDF/Volume_026_AQELYN_Endpoint_Intelligence_Platform.pdf,01_Blueprint/MD/Volume_026_AQELYN_Endpoint_Intelligence_Platform.md,01_Blueprint/HTML/Volume_026_AQELYN_Endpoint_Intelligence_Platform.html,Archived from master source
VOLUME-027,Enterprise Fleet Intelligence Platform,506-516,01_Blueprint/PDF/Volume_027_Enterprise_Fleet_Intelligence_Platform.pdf,01_Blueprint/MD/Volume_027_Enterprise_Fleet_Intelligence_Platform.md,01_Blueprint/HTML/Volume_027_Enterprise_Fleet_Intelligence_Platform.html,Archived from master source
VOLUME-028,AQELYN Organization Intelligence Platform,517-525,01_Blueprint/PDF/Volume_028_AQELYN_Organization_Intelligence_Platform.pdf,01_Blueprint/MD/Volume_028_AQELYN_Organization_Intelligence_Platform.md,01_Blueprint/HTML/Volume_028_AQELYN_Organization_Intelligence_Platform.html,Archived from master source
VOLUME-029,AQELYN Policy and Rule Engine,526-543,01_Blueprint/PDF/Volume_029_AQELYN_Policy_and_Rule_Engine.pdf,01_Blueprint/MD/Volume_029_AQELYN_Policy_and_Rule_Engine.md,01_Blueprint/HTML/Volume_029_AQELYN_Policy_and_Rule_Engine.html,Archived from master source
VOLUME-030,AQELYN Universal Asset Language,544-550,01_Blueprint/PDF/Volume_030_AQELYN_Universal_Asset_Language.pdf,01_Blueprint/MD/Volume_030_AQELYN_Universal_Asset_Language.md,01_Blueprint/HTML/Volume_030_AQELYN_Universal_Asset_Language.html,Archived from master source
VOLUME-031,AQELYN Decision Intelligence Engine,551-558,01_Blueprint/PDF/Volume_031_AQELYN_Decision_Intelligence_Engine.pdf,01_Blueprint/MD/Volume_031_AQELYN_Decision_Intelligence_Engine.md,01_Blueprint/HTML/Volume_031_AQELYN_Decision_Intelligence_Engine.html,Archived from master source
VOLUME-032,AQELYN Workflow and Automation Engine,559-567,01_Blueprint/PDF/Volume_032_AQELYN_Workflow_and_Automation_Engine.pdf,01_Blueprint/MD/Volume_032_AQELYN_Workflow_and_Automation_Engine.md,01_Blueprint/HTML/Volume_032_AQELYN_Workflow_and_Automation_Engine.html,Archived from master source
VOLUME-033,AQELYN Event and Messaging Bus,568-577,01_Blueprint/PDF/Volume_033_AQELYN_Event_and_Messaging_Bus.pdf,01_Blueprint/MD/Volume_033_AQELYN_Event_and_Messaging_Bus.md,01_Blueprint/HTML/Volume_033_AQELYN_Event_and_Messaging_Bus.html,Archived from master source
VOLUME-034,AQELYN Object Kernel,578-589,01_Blueprint/PDF/Volume_034_AQELYN_Object_Kernel.pdf,01_Blueprint/MD/Volume_034_AQELYN_Object_Kernel.md,01_Blueprint/HTML/Volume_034_AQELYN_Object_Kernel.html,Archived from master source
VOLUME-035,AQELYN Query and Discovery Language,590-599,01_Blueprint/PDF/Volume_035_AQELYN_Query_and_Discovery_Language.pdf,01_Blueprint/MD/Volume_035_AQELYN_Query_and_Discovery_Language.md,01_Blueprint/HTML/Volume_035_AQELYN_Query_and_Discovery_Language.html,Archived from master source
VOLUME-036,AQELYN AI Orchestration Framework,600-609,01_Blueprint/PDF/Volume_036_AQELYN_AI_Orchestration_Framework.pdf,01_Blueprint/MD/Volume_036_AQELYN_AI_Orchestration_Framework.md,01_Blueprint/HTML/Volume_036_AQELYN_AI_Orchestration_Framework.html,Archived from master source
VOLUME-037,AQELYN Distributed Scan Engine,610-619,01_Blueprint/PDF/Volume_037_AQELYN_Distributed_Scan_Engine.pdf,01_Blueprint/MD/Volume_037_AQELYN_Distributed_Scan_Engine.md,01_Blueprint/HTML/Volume_037_AQELYN_Distributed_Scan_Engine.html,Archived from master source
VOLUME-038,AQELYN Continuous Assurance Engine,620-628,01_Blueprint/PDF/Volume_038_AQELYN_Continuous_Assurance_Engine.pdf,01_Blueprint/MD/Volume_038_AQELYN_Continuous_Assurance_Engine.md,01_Blueprint/HTML/Volume_038_AQELYN_Continuous_Assurance_Engine.html,Archived from master source
VOLUME-039,AQELYN Digital Twin Engine,629-641,01_Blueprint/PDF/Volume_039_AQELYN_Digital_Twin_Engine.pdf,01_Blueprint/MD/Volume_039_AQELYN_Digital_Twin_Engine.md,01_Blueprint/HTML/Volume_039_AQELYN_Digital_Twin_Engine.html,Archived from master source
VOLUME-040,AQELYN Web Security Engine,642-651,01_Blueprint/PDF/Volume_040_AQELYN_Web_Security_Engine.pdf,01_Blueprint/MD/Volume_040_AQELYN_Web_Security_Engine.md,01_Blueprint/HTML/Volume_040_AQELYN_Web_Security_Engine.html,Archived from master source
VOLUME-041,AQELYN Endpoint Security Engine,652-663,01_Blueprint/PDF/Volume_041_AQELYN_Endpoint_Security_Engine.pdf,01_Blueprint/MD/Volume_041_AQELYN_Endpoint_Security_Engine.md,01_Blueprint/HTML/Volume_041_AQELYN_Endpoint_Security_Engine.html,Archived from master source
VOLUME-042,AQELYN Mobile Security Engine,664-674,01_Blueprint/PDF/Volume_042_AQELYN_Mobile_Security_Engine.pdf,01_Blueprint/MD/Volume_042_AQELYN_Mobile_Security_Engine.md,01_Blueprint/HTML/Volume_042_AQELYN_Mobile_Security_Engine.html,Archived from master source
VOLUME-043,AQELYN Identity Security Engine,675-686,01_Blueprint/PDF/Volume_043_AQELYN_Identity_Security_Engine.pdf,01_Blueprint/MD/Volume_043_AQELYN_Identity_Security_Engine.md,01_Blueprint/HTML/Volume_043_AQELYN_Identity_Security_Engine.html,Archived from master source
VOLUME-044,AQELYN Cloud Security Engine,687-698,01_Blueprint/PDF/Volume_044_AQELYN_Cloud_Security_Engine.pdf,01_Blueprint/MD/Volume_044_AQELYN_Cloud_Security_Engine.md,01_Blueprint/HTML/Volume_044_AQELYN_Cloud_Security_Engine.html,Archived from master source
VOLUME-045,AQELYN Network Security Engine,699-717,01_Blueprint/PDF/Volume_045_AQELYN_Network_Security_Engine.pdf,01_Blueprint/MD/Volume_045_AQELYN_Network_Security_Engine.md,01_Blueprint/HTML/Volume_045_AQELYN_Network_Security_Engine.html,Archived from master source
VOLUME-046,AQELYN Cyber Operating System,718-728,01_Blueprint/PDF/Volume_046_AQELYN_Cyber_Operating_System.pdf,01_Blueprint/MD/Volume_046_AQELYN_Cyber_Operating_System.md,01_Blueprint/HTML/Volume_046_AQELYN_Cyber_Operating_System.html,Archived from master source
VOLUME-047,AQELYN Cyber Intelligence Engine,729-739,01_Blueprint/PDF/Volume_047_AQELYN_Cyber_Intelligence_Engine.pdf,01_Blueprint/MD/Volume_047_AQELYN_Cyber_Intelligence_Engine.md,01_Blueprint/HTML/Volume_047_AQELYN_Cyber_Intelligence_Engine.html,Archived from master source
VOLUME-048,AQELYN Developer Ecosystem and Plugin SDK,740-749,01_Blueprint/PDF/Volume_048_AQELYN_Developer_Ecosystem_and_Plugin_SDK.pdf,01_Blueprint/MD/Volume_048_AQELYN_Developer_Ecosystem_and_Plugin_SDK.md,01_Blueprint/HTML/Volume_048_AQELYN_Developer_Ecosystem_and_Plugin_SDK.html,Archived from master source
VOLUME-049,AQELYN Python Runtime Architecture,750-759,01_Blueprint/PDF/Volume_049_AQELYN_Python_Runtime_Architecture.pdf,01_Blueprint/MD/Volume_049_AQELYN_Python_Runtime_Architecture.md,01_Blueprint/HTML/Volume_049_AQELYN_Python_Runtime_Architecture.html,Archived from master source
VOLUME-050,AQELYN Data Protection and Privacy Engine,760-764,01_Blueprint/PDF/Volume_050_AQELYN_Data_Protection_and_Privacy_Engine.pdf,01_Blueprint/MD/Volume_050_AQELYN_Data_Protection_and_Privacy_Engine.md,01_Blueprint/HTML/Volume_050_AQELYN_Data_Protection_and_Privacy_Engine.html,Archived from master source
VOLUME-051,Frontend and User Experience Architecture,765-769,01_Blueprint/PDF/Volume_051_Frontend_and_User_Experience_Architecture.pdf,01_Blueprint/MD/Volume_051_Frontend_and_User_Experience_Architecture.md,01_Blueprint/HTML/Volume_051_Frontend_and_User_Experience_Architecture.html,Archived from master source
VOLUME-052,AQELYN Deployment and Operations Architecture,770-778,01_Blueprint/PDF/Volume_052_AQELYN_Deployment_and_Operations_Architecture.pdf,01_Blueprint/MD/Volume_052_AQELYN_Deployment_and_Operations_Architecture.md,01_Blueprint/HTML/Volume_052_AQELYN_Deployment_and_Operations_Architecture.html,Archived from master source
VOLUME-053,Engineering Standards Testing and Quality Assurance,779-782,01_Blueprint/PDF/Volume_053_Engineering_Standards_Testing_and_Quality_Assurance.pdf,01_Blueprint/MD/Volume_053_Engineering_Standards_Testing_and_Quality_Assurance.md,01_Blueprint/HTML/Volume_053_Engineering_Standards_Testing_and_Quality_Assurance.html,Archived from master source
VOLUME-054,Enterprise Scaling Resilience and Performance Architecture,783-786,01_Blueprint/PDF/Volume_054_Enterprise_Scaling_Resilience_and_Performance_Architecture.pdf,01_Blueprint/MD/Volume_054_Enterprise_Scaling_Resilience_and_Performance_Architecture.md,01_Blueprint/HTML/Volume_054_Enterprise_Scaling_Resilience_and_Performance_Architecture.html,Archived from master source
VOLUME-055,AQELYN Implementation Roadmap,787-797,01_Blueprint/PDF/Volume_055_AQELYN_Implementation_Roadmap.pdf,01_Blueprint/MD/Volume_055_AQELYN_Implementation_Roadmap.md,01_Blueprint/HTML/Volume_055_AQELYN_Implementation_Roadmap.html,Archived from master source
VOLUME-056,AQELYN Kernel Specification,798-822,01_Blueprint/PDF/Volume_056_AQELYN_Kernel_Specification.pdf,01_Blueprint/MD/Volume_056_AQELYN_Kernel_Specification.md,01_Blueprint/HTML/Volume_056_AQELYN_Kernel_Specification.html,Archived from master source
